Site_ID_split,Dating_BP,median_SPD_age_calBP,Timeslice,LabCode/Ref,Conv_C14_date,AMS_C14_date
Unken,"12,000-9,500",13157,4,Kiel 1115-1117,11250,NA
Elsbethen,"15,000-14,000",13268,1,ETH4053,11620,NA
Elsbethen,"15,000-14,000",13268,1,ETH4054,11180,NA
Elsbethen,"14,000-13,000",13268,2,ETH4053,11620,NA
Elsbethen,"14,000-13,000",13268,2,ETH4054,11180,NA
Seewaende,"14,000-12,000",13333,23,KN-3623 ,11600,NA
Seewaende,"14,000-12,000",13333,23,KN-3623,11500,NA
Seewaende,"14,000-12,000",13333,23,KN-3624,11400,NA
Seewaende,"14,000-12,000",13333,23,KN-3624,11300,NA
Altwasser,"12,000-11,000",11751,4,ETH-9641,10240,NA
Altwasser,"12,000-11,000",11751,4,ETH-14920,10000,NA
Zoeld,"16,000-14,000",15568,1,Poz-99669,NA,13110
Zoeld,"16,000-14,000",15568,1,DeA-19556,NA,12700
Zoeld,"16,000-14,000",15568,1,Poz-103176,NA,13820
Zoeld,"16,000-14,000",15568,1,Poz-103229,NA,12930
Nadap,"16,000-15,000",15637,1,GrA-16563,NA,13050
BoisLaiterie,12.6 kyr BP,15038,1,OxA-4198,12660,NA
TroudeChaleux,12.9 - 12.7 kyr BP,15222,1,OxA-3632,NA,12790
TroudeChaleux,12.9 - 12.7 kyr BP,15222,1,OxA-4192,NA,12860
TroudeChaleux,12.9 - 12.7 kyr BP,15222,1,OxA-3633,NA,12880
TroudeChaleux,12.9 - 12.7 kyr BP,15222,1,Lv-1136,12710,NA
TroudeChaleux,12.9 - 12.7 kyr BP,15222,1,OxA-V-2216-45,NA,12630
TroudeChaleux,12.9 - 12.7 kyr BP,15222,1,OxA-V-2216-44,NA,12375
TroudeChaleux,12.9 - 12.7 kyr BP,15222,1,Lv-1569,12990,NA
TroudeChaleux,12.9 - 12.7 kyr BP,15222,1,Lv-1568,12370,NA
Rekem,"11,350 BP (OxA-942)",12755,2,OxA-944,NA,6390
Rekem,"11,350 BP (OxA-942)",12755,2,OxA-943,NA,2230
Rekem,"11,350 BP (OxA-942)",12755,2,OxA-1375,NA,5220
Rekem,"11,350 BP (OxA-942)",12755,2,OxA-945,NA,9900
Rekem,"11,350 BP (OxA-942)",12755,2,OxA-942,NA,11350
MilheezeHutseberg1,"11,150 ± 60",12842,2,GrN-2314,10880,NA
MilheezeHutseberg2,"11,150 ± 60",12842,2,GrN-2314,10880,NA
WestelbeersZW,"11,510 ± 60; 11,030 ± 45",13384,2,GrA-20207,NA,11510
Remouchamps,3 dates ranging from 10.8 to 10.3 kyr BP,12301,3,Lv-535,10380,NA
Remouchamps,3 dates ranging from 10.8 to 10.3 kyr BP,12301,3,OxA-4190,NA,10330
Remouchamps,3 dates ranging from 10.8 to 10.3 kyr BP,12301,3,OxA-4191,NA,10800
Remouchamps,3 dates ranging from 10.8 to 10.3 kyr BP,12301,3,OxA-3634,NA,10320
Hostim,16041-13480,14644,1,Ly-1108,12420,NA
Hostim,16041-13480,14644,1,Ly-1180,12420,NA
Pekarna,15190-14263; 15400-14878,15068,1,OxA-5972,NA,12500
Pekarna,15190-14263; 15400-14878,15068,1,GrN-14828,12670,NA
Pekarna,15190-14263; 15400-14878,15068,1,Ly-2553,12940,NA
Kulna6,13538-13217; 13648-13358 (both from layer 6),14648,2,OxA-25290,NA,12555
Kulna6,13538-13217; 13648-13358 (both from layer 6),14648,2,OxA-25288,NA,12600
Kulna6,13538-13217; 13648-13358 (both from layer 6),14648,2,OxA-25287,NA,11010
Kulna6,13538-13217; 13648-13358 (both from layer 6),14648,2,OxA-25291,NA,12620
Kulna6,13538-13217; 13648-13358 (both from layer 6),14648,2,OxA-25289,NA,12575
Kulna6,13538-13217; 13648-13358 (both from layer 6),14648,2,OxA-V-2777-55C,NA,12810
Kulna6,13538-13217; 13648-13358 (both from layer 6),14648,2,OxA-V-2777-56C,NA,11510
Kulna6,13538-13217; 13648-13358 (both from layer 6),14648,2,GrN-11053,11450,NA
Kulna6,13538-13217; 13648-13358 (both from layer 6),14648,2,GrN-5097,11590,NA
Kulna4,13375-13120; 13560-13213,13505,2,OxA-25285,NA,11770
Kulna4,13375-13120; 13560-13213,13505,2,OxA-25284,NA,11820
Kulna4,13375-13120; 13560-13213,13505,2,OxA-25286,NA,11070
Kulna4,13375-13120; 13560-13213,13505,2,GrN-6102,11470,NA
Kulna4,13375-13120; 13560-13213,13505,2,GrN-28450,11270,NA
Kabeliai2,"12,000-11,000",11351,4,Ta-2606,9910,NA
Kabeliai2,"12,000-11,000",11351,4,Ta-2601,9820,NA
GrottaClusantin,"14,800-13,500",13935,12,LTL-1215A,NA,11879
GrottaClusantin,"14,800-13,500",13935,12,LTL-1216A,NA,12256
GrottaClusantin,"14,800-13,500",13935,12,LTL-430A,NA,12004
RiparoDalmeripossiblylayer15,"13,500-13,200",13326,2,KIA-20341,NA,11450
RiparoDalmeriUpperlayers,"13,200-12,500",13075,3,R-657,11250,NA
RiparoDalmeriUpperlayers,"13,200-12,500",13075,3,KI-3634,NA,11260
RiparoDalmeriUpperlayers,"13,200-12,500",13075,3,R-426R,11000,NA
RiparoDalmeriUpperlayers,"13,200-12,500",13075,3,UtC-6777,NA,11100
LaCogolaSU19,"12,900-12,000",12511,3,UtC-9286,NA,10380
LaCogolaSU19,"12,900-12,000",12511,3,UtC-9287,NA,10640
PaluEchen,"12,400-12,000",12143,3,UtC-13428,NA,10320
LaCogolaSU18,"11,400-11,100",11235,4,UtC-9285,NA,9820
RomagnanoLocIIIlayerAE,"11,700-10,900",11099,4,R-1146Aa,9580,NA
RomagnanoLocIIIlayerAE,"11,700-10,900",11099,4,R-1146A,9580,NA
RomagnanoLocIIIlayerAE,"11,700-10,900",11099,4,R-1147,9830,NA
Weitsche,14000-13000,13714,2,KIA-26439,NA,11980
Weitsche,14000-13000,13714,2,KIA-35664,NA,11755
Poggenwisch,15000-14000,14678,1,W-271,11750,NA
Poggenwisch,15000-14000,14678,1,KIA-32926,NA,12365
Poggenwisch,15000-14000,14678,1,KIA-32925,NA,12265
Poggenwisch,15000-14000,14678,1,KIA-32927,NA,12330
Poggenwisch,15000-14000,14678,1,KN-2754,12470,NA
Poggenwisch,15000-14000,14678,1,W-93,15150,NA
Poggenwisch,15000-14000,14678,1,H-32/60,15700,NA
Poggenwisch,15000-14000,14678,1,H-32/118A,17100,NA
Poggenwisch,15000-14000,14678,1,K-4332,12570,NA
Poggenwisch,15000-14000,14678,1,K-4577,12440,NA
Poggenwisch,15000-14000,14678,1,K-4331,12440,NA
Poggenwisch,15000-14000,14678,1,H-31/67,13050,NA
Poggenwisch,15000-14000,14678,1,H-32/118C,12850,NA
Poggenwisch,15000-14000,14678,1,H-136/116,12980,NA
Poggenwisch,15000-14000,14678,1,GrN-11254,12460,NA
Poggenwisch,15000-14000,14678,1,KIA-11171,NA,9992
AhrenshoeftLA58d,14000,13917,2,AAR-2784,NA,12030
Meiendorf,15000-14000,14041,1,W-281,11870,NA
Meiendorf,15000-14000,14041,1,K-4329,12360,NA
Meiendorf,15000-14000,14041,1,Y-158-2,10760,NA
Meiendorf,15000-14000,14041,1,H-38/121B,12300,NA
Meiendorf,15000-14000,14041,1,H-38/121A,12300,NA
Meiendorf,15000-14000,14041,1,KN-2220,12470,NA
Meiendorf,15000-14000,14041,1,W-172,15750,NA
Meiendorf,15000-14000,14041,1,W-264,11790,NA
Meiendorf,15000-14000,14041,1,KIA-12344,NA,9992
HelgaAbri,"15,000-14,300",15470,1,ETH-57286,13081,NA
HelgaAbri,"15,000-14,300",15470,1,ETH-57288,12518,NA
HelgaAbri,"15,000-14,300",15470,1,ETH-57289,12941,NA
ZigeunerfelsFG,"14,700-14,300",13231,1,KN-3476,11070,NA
ZigeunerfelsFG,"14,700-14,300",13231,1,KN-3478,11290,NA
ZigeunerfelsFG,"14,700-14,300",13231,1,KN-3479,10080,NA
ZigeunerfelsFG,"14,700-14,300",13231,1,KN-3485,10340,NA
ZigeunerfelsFG,"14,700-14,300",13231,1,KN-3488,10400,NA
ZigeunerfelsFG,"14,700-14,300",13231,1,KN-3484,10500,NA
ZigeunerfelsFG,"14,700-14,300",13231,1,KN-3483,10650,NA
ZigeunerfelsFG,"14,700-14,300",13231,1,KN-3477,10880,NA
ZigeunerfelsFG,"14,700-14,300",13231,1,KN-3487,11220,NA
ZigeunerfelsFG,"14,700-14,300",13231,1,KN-3480,11250,NA
ZigeunerfelsFG,"14,700-14,300",13231,1,KN-3474,11300,NA
ZigeunerfelsFG,"14,700-14,300",13231,1,KN-3471,11480,NA
ZigeunerfelsFG,"14,700-14,300",13231,1,KN-3482,11830,NA
ZigeunerfelsFG,"14,700-14,300",13231,1,KN-3486,11910,NA
ZigeunerfelsFG,"14,700-14,300",13231,1,KN-3481,12200,NA
ZigeunerfelsFG,"14,700-14,300",13231,1,KN-3475,11180,NA
ZigeunerfelsFG,"14,700-14,300",13231,1,H-4273-3537,12120,NA
ZigeunerfelsFG,"14,700-14,300",13231,1,KIA-26997,NA,12196
ZigeunerfelsFG,"14,700-14,300",13231,1,OxA-17268,NA,12375
ZigeunerfelsFG,"14,700-14,300",13231,1,Poz-20321,NA,12150
ZigeunerfelsFG,"14,700-14,300",13231,1,Poz-20368,NA,12300
ZigeunerfelsFG,"14,700-14,300",13231,1,Poz-20369,NA,12430
Felsstalle,"15,000-14,500",14283,1,H-7382-7419,12320,NA
Felsstalle,"15,000-14,500",14283,1,H-7394-7429,11800,NA
Felsstalle,"15,000-14,500",14283,1,H-7391-7426,12050,NA
Felsstalle,"15,000-14,500",14283,1,H-7383-7419,12100,NA
Felsstalle,"15,000-14,500",14283,1,H-7392-7428,12400,NA
Felsstalle,"15,000-14,500",14283,1,H-7393-7428,12680,NA
Felsstalle,"15,000-14,500",14283,1,H-7442-7491,11285,NA
Felsstalle,"15,000-14,500",14283,1,OxA-6427,NA,13390
Felsstalle,"15,000-14,500",14283,1,OxA-6426,NA,12475
Felsstalle,"15,000-14,500",14283,1,OxA-6428,NA,12505
HauteriveChampreveyres,14.3,14452,1,UZ-2284,12120,NA
HauteriveChampreveyres,14.3,14452,1,UZ-2170,12550,NA
AbriNeumuhle,"14,600-13,200",11844,12,B-4665,10250,NA
GrottedeBichon,"13,900-12,900",13463,23,ETH-4246/uz-2423,NA,11680
GrottedeBichon,"13,900-12,900",13463,23,ETH-4245/UZ-2422,NA,10950
GrottedeBichon,"13,900-12,900",13463,23,ETH-8774,NA,11610
GrottedeBichon,"13,900-12,900",13463,23,ETH-8301,NA,11680
GrottedeBichon,"13,900-12,900",13463,23,ETH-8773,NA,11760
GrottedeBichon,"13,900-12,900",13463,23,ETH-8775,NA,11360
ZigeunerfelsDE,"13,900-12,700",13144,23,Poz-20318,NA,11860
ZigeunerfelsDE,"13,900-12,700",13144,23,KIA-26996,NA,11270
ZigeunerfelsDE,"13,900-12,700",13144,23,Poz-20370,NA,11950
ZigeunerfelsDE,"13,900-12,700",13144,23,Poz-20372,NA,10900
ZigeunerfelsDE,"13,900-12,700",13144,23,B-2654,10730,NA
ZigeunerfelsDE,"13,900-12,700",13144,23,B-2771,10760,NA
ZigeunerfelsDE,"13,900-12,700",13144,23,B-2662,10950,NA
ZigeunerfelsDE,"13,900-12,700",13144,23,B-2772,11540,NA
ZigeunerfelsDE,"13,900-12,700",13144,23,B-2653,11530,NA
BadBuchauKappel,"12,700-11,700",12834,34,ETH-42022,10025,NA
BadBuchauKappel,"12,700-11,700",12834,34,ETH-42023,11110,NA
JagerhaushohleSchicht13,11,11054,4,B-948,9600,NA
JagerhaushohleSchicht13,11,11054,4,B-952,9700,NA
JagerhaushohleSchicht13,11,11054,4,B-950,9870,NA
JagerhaushohleSchicht13,11,11054,4,B-947,9950,NA
JagerhaushohleSchicht13,11,11054,4,B-942,8060,NA
JagerhaushohleSchicht13,11,11054,4,B-940,8040,NA
JagerhaushohleSchicht13,11,11054,4,B-943,8140,NA
Murat,"12,500-12,000",14804,1,Poz-27955,NA,12550
Murat,"12,500-12,000",14804,1,GifA-92345,12620,NA
Murat,"12,500-12,000",14804,1,Poz-27957,12430,NA
Murat,"12,500-12,000",14804,1,Poz-27958,12330,NA
Murat,"12,500-12,000",14804,1,Poz-27954,NA,12680
Imperatrice,"12,500-12,000",14409,12,Beta-415532,NA,12460
Imperatrice,"12,500-12,000",14409,12,Beta-415533,NA,12380
Imperatrice,"12,500-12,000",14409,12,Beta-415531,NA,12060
PortdePenne,"10,500-10,000",12208,4,Ly11702-SacA39173,NA,10140
PortdePenne,"10,500-10,000",12208,4,Ly9167-SacA28801,NA,10410
PortdePenne,"10,500-10,000",12208,4,Ly9168-SacA28802,NA,10440
PortdePennerecent,"10,500-10,000",12208,4,Ly11702-SacA39173,NA,10140
PortdePennerecent,"10,500-10,000",12208,4,Ly9167-SacA28801,NA,10410
PortdePennerecent,"10,500-10,000",12208,4,Ly9168-SacA28802,NA,10440
Murat,MISSING,14804,1,Poz-27955,NA,12550
Murat,MISSING,14804,1,GifA-92345,12620,NA
Murat,MISSING,14804,1,Poz-27957,12430,NA
Murat,MISSING,14804,1,Poz-27958,12330,NA
Murat,MISSING,14804,1,Poz-27954,NA,12680
BoisRagotniv5,"15,500-14,400",15024,1,OxA-10331/LYON-1370,NA,12685
BoisRagotniv5,"15,500-14,400",15024,1,OxA-10263/LYON-1369,NA,12615
BoisRagotniv5,"15,500-14,400",15024,1,OxA-12079/LYON-2102,NA,12560
BoisRagot,"15,500-14,400",14954,1,OxA-28187,NA,11865
BoisRagot,"15,500-14,400",14954,1,OxA-10334/LYON-1373,NA,12720
BoisRagot,"15,500-14,400",14954,1,OxA-10332/LYON-1371,NA,12475
BoisRagot,"15,500-14,400",14954,1,OxA-10333/LYON-1372,NA,12585
BoisRagot,"15,500-14,400",14954,1,OxA-28185,NA,12500
BoisRagot,"15,500-14,400",14954,1,OxA-10331/LYON-1370,NA,12685
BoisRagot,"15,500-14,400",14954,1,OxA-10263/LYON-1369,NA,12615
BoisRagot,"15,500-14,400",14954,1,OxA-12079/LYON-2102,NA,12560
BoisRagot,"15,500-14,400",14954,1,OxA-28186,NA,12965
BoisRagot,"15,500-14,400",14954,1,Poz-52976,NA,12640
BoisRagot,"15,500-14,400",14954,1,OxA-28188,NA,11425
Klementowice20,15600-14500 calBP,15182,1,Poz-54822,NA,12730
Wilczyce10,15600-14500 calBP,14813,1,Poz-3926,NA,12620
Wilczyce10,15600-14500 calBP,14813,1,Poz-3927,NA,12840
Wilczyce10,15600-14500 calBP,14813,1,Poz-14385,NA,12390
Wilczyce10,15600-14500 calBP,14813,1,Poz-14384,NA,12480
Wilczyce10,15600-14500 calBP,14813,1,Ua-20412,NA,12110
Wilczyce10,15600-14500 calBP,14813,1,Ua-15723,NA,11890
Wilczyce10,15600-14500 calBP,14813,1,OxA-16729,NA,12870
Wilczyce10,15600-14500 calBP,14813,1,Poz-14891,NA,13020
Wilczyce10,15600-14500 calBP,14813,1,Poz-3914,NA,12960
Wilczyce10,15600-14500 calBP,14813,1,Poz-19049,NA,11870
Wilczyce10,15600-14500 calBP,14813,1,Poz-19048,NA,13000
Wilczyce10,15600-14500 calBP,14813,1,Poz-19047,NA,11340
Wilczyce10,15600-14500 calBP,14813,1,Poz-19046,NA,11960
Wilczyce10,15600-14500 calBP,14813,1,OxA-26545,NA,13155
Wilczyce10,15600-14500 calBP,14813,1,Poz-14463,NA,12550
Wilczyce10,15600-14500 calBP,14813,1,OxA-26546,NA,13125
Wilczyce10,15600-14500 calBP,14813,1,Ua-15720,NA,11400
Wilczyce10,15600-14500 calBP,14813,1,Ua-15722,NA,11665
Wilczyce10,15600-14500 calBP,14813,1,OxA-16728,NA,13180
Wilczyce10,15600-14500 calBP,14813,1,Poz-14892,NA,12770
Wilczyce10,15600-14500 calBP,14813,1,Ua-15721,NA,8415
Wilczyce10,15600-14500 calBP,14813,1,Ua-20413,NA,12315
Mirkowice33,15500-14000 calBP,14231,1,Gd-10885,12400,NA
Mirkowice33,15500-14000 calBP,14231,1,Gd-10876,16550,NA
Mirkowice33,15500-14000 calBP,14231,1,Gd-12124,11950,NA
Mirkowice33,15500-14000 calBP,14231,1,Gd-10872,13110,NA
Mirkowice33,15500-14000 calBP,14231,1,Gd-7851,12160,NA
Mirkowice33,15500-14000 calBP,14231,1,Gd-10544,12870,NA
NowaBiala1,13600-13100 cal BP,13166,2,Poz-53553,NA,11270
Rotnowo18ll,13600-13100 cal BP,13003,2,Poz-8308,11100,NA
Rotnowo18ll,13600-13100 cal BP,13003,2,Poz-8310,11090,NA
Witow5Cassemblage1,13100-12600 cal BP,12789,3,Gro-828,10815,NA
Rotnowo18,13100-12600 cal BP,12775,3,Poz-8309,10820,NA
Bolkow1,11300-10500 calBP,11319,4,MKL-1869,NA,10840
Bolkow1,11300-10500 calBP,11319,4,Poz-55400,NA,10580
Bolkow1,11300-10500 calBP,11319,4,MKL-1875,NA,10280
Bolkow1,11300-10500 calBP,11319,4,MKL-3350,NA,9480
Bolkow1,11300-10500 calBP,11319,4,MKL-3390,NA,9620
Bolkow1,11300-10500 calBP,11319,4,MKL-3351,NA,9680
Bolkow1,11300-10500 calBP,11319,4,MKL-3349,NA,9910
Kochlew1,12400-11300 cal BP,12330,4,Lod-143,10260,NA
Kochlew1,12400-11300 cal BP,12330,4,Lod-144,11180,NA
Kochlew1,12400-11300 cal BP,12330,4,Lod-142,10320,NA
WojnowoAcutI75,12400-11300 cal BP,12094,4,Poz-66522,NA,10410
WojnowoAcutI75,12400-11300 cal BP,12094,4,Poz-66524,NA,10400
WojnowoAcutI75,12400-11300 cal BP,12094,4,Poz-66521,NA,10310
WojnowoAcutI75,12400-11300 cal BP,12094,4,Poz-66523,NA,10250
WojnowoAcutI75,12400-11300 cal BP,12094,4,Poz-66525,NA,10210
WojnowoAcutIII5,12400-11300 cal BP,12094,4,Poz-66522,NA,10410
WojnowoAcutIII5,12400-11300 cal BP,12094,4,Poz-66524,NA,10400
WojnowoAcutIII5,12400-11300 cal BP,12094,4,Poz-66521,NA,10310
WojnowoAcutIII5,12400-11300 cal BP,12094,4,Poz-66523,NA,10250
WojnowoAcutIII5,12400-11300 cal BP,12094,4,Poz-66525,NA,10210
WojnowoAcutIII75,12400-11300 cal BP,12094,4,Poz-66522,NA,10410
WojnowoAcutIII75,12400-11300 cal BP,12094,4,Poz-66524,NA,10400
WojnowoAcutIII75,12400-11300 cal BP,12094,4,Poz-66521,NA,10310
WojnowoAcutIII75,12400-11300 cal BP,12094,4,Poz-66523,NA,10250
WojnowoAcutIII75,12400-11300 cal BP,12094,4,Poz-66525,NA,10210
SantimamineSlnc,"15,400-15,000",15263,1,Beta-350902,NA,12790
AntonKobaVIII,"14,800-12,900",13630,2,I-17479,11700,NA
AntonKobaVIII,"14,800-12,900",13630,2,I-16236,11800,NA
LosAzulesUnit3,"12,900-12,000",12416,3,BM-1879R,10510,NA
Perro2,"12,400-11,400",11784,4,GrN-18116,10160,NA
ParcoII,"15,000-14,300",15061,1,OxA-13596,NA,13025
ParcoII,"15,000-14,300",15061,1,OxA-13597,NA,12995
ParcoII,"15,000-14,300",15061,1,OxA-10796,NA,12605
ParcoII,"15,000-14,300",15061,1,OxA-10798,NA,13175
ParcoII,"15,000-14,300",15061,1,OxA-10835,NA,12560
ParcoII,"15,000-14,300",15061,1,OxA-10797,NA,12460
ParcoII,"15,000-14,300",15061,1,ICEN-501,10390,NA
HortdelaBoquera,"13,800-13,500",13725,2,OxA-13595,NA,12250
HortdelaBoquera,"13,800-13,500",13725,2,OxA-23646,NA,11850
HortdelaBoquera,"13,800-13,500",13725,2,OxA-23645,NA,11775
Roureda,"13,300-13,100",13234,2,Beta-244009,NA,11350
CingledelAigua,"12,700-12,200",12544,3,Beta-244004,NA,10520
Pena14,"12,700-12,400",12004,3,GrN-26000,10630,NA
Pena14,"12,700-12,400",12004,3,GrN-25096,10160,NA
Pena14,"12,700-12,400",12004,3,GrN-26001,10430,NA
Pena14,"12,700-12,400",12004,3,GrM-10226,NA,10120
Filador4,"11,900-11,200",11262,4,UBAR-284,9460,NA
Filador4,"11,900-11,200",11262,4,AA-8647.T.461,NA,10020
LapadosCoelhos4,"14,400-13,900",14167,1,GrN-18377,12240,NA
LapadosCoelhos3,"13,600-13,300",13518,2,GrN-18376,11660,NA
Fariseu4,"12,600-12,200",12101,3,Beta-213130,NA,10510
Fariseu4,"12,600-12,200",12101,3,Ua-32645,NA,9830
FariseuSU4,"11,700-10,700",11271,4,Beta-213130,NA,10510
FariseuSU4,"11,700-10,700",11271,4,Ua-32645,NA,9830
FariseuSU4,"11,700-10,700",11271,4,Gx-32147,8930,NA
Bocas0,"11,990-11282",11383,4,ICEN-900,9880,NA
SlotsengC,"14,300-14,100",14157,1,AAR-906,12520,NA
SlotsengC,"14,300-14,100",14157,1,AAR-8159,12410,NA
SlotsengC,"14,300-14,100",14157,1,AAR-8165,12290,NA
SlotsengC,"14,300-14,100",14157,1,AAR-8160,12240,NA
SlotsengC,"14,300-14,100",14157,1,AAR-8162,12220,NA
SlotsengC,"14,300-14,100",14157,1,AAR-8163,12205,NA
SlotsengC,"14,300-14,100",14157,1,AAR-8164,12205,NA
SlotsengC,"14,300-14,100",14157,1,AAR-8157,12190,NA
SlotsengC,"14,300-14,100",14157,1,AAR-8158,12170,NA
SlotsengC,"14,300-14,100",14157,1,AAR-8161,12065,NA
SlotsengB,"14,000-13,000",14157,2,AAR-906,12520,NA
SlotsengB,"14,000-13,000",14157,2,AAR-8159,12410,NA
SlotsengB,"14,000-13,000",14157,2,AAR-8165,12290,NA
SlotsengB,"14,000-13,000",14157,2,AAR-8160,12240,NA
SlotsengB,"14,000-13,000",14157,2,AAR-8162,12220,NA
SlotsengB,"14,000-13,000",14157,2,AAR-8163,12205,NA
SlotsengB,"14,000-13,000",14157,2,AAR-8164,12205,NA
SlotsengB,"14,000-13,000",14157,2,AAR-8157,12190,NA
SlotsengB,"14,000-13,000",14157,2,AAR-8158,12170,NA
SlotsengB,"14,000-13,000",14157,2,AAR-8161,12065,NA
Bromme,"13,000-12,700",12704,3,AAR-4539,NA,10720
Trollesgave,"13,000-12,700",12898,3,K-2509,11100,NA
Trollesgave,"13,000-12,700",12898,3,K-2641,11070,NA
Trollesgave,"13,000-12,700",12898,3,AAR-16019,NA,10826
SyltholmVII,"12,000-11,000",11493,4,AAR-22281,9990,NA
SyltholmVII,"12,000-11,000",11493,4,AAR-22282,10027,NA
LeCloseauLL,"12,5-12,1 BP",14709,12,GrA-18860,12510,NA
LeCloseauLocus4,"12,5-12,1 BP",13864,12,GrA-18860,12510,NA
LeCloseauLocus4,"12,5-12,1 BP",13864,12,OxA-5680 (LYON-166),NA,12090
LeCloseauLocus4,"12,5-12,1 BP",13864,12,OxA-6338 (LYON-313),NA,12050
LeCloseauLocus4,"12,5-12,1 BP",13864,12,LYON 570 (OxA),NA,11275
LeCloseauLocus4,"12,5-12,1 BP",13864,12,GrA-18762 (LYON-1553),NA,11640
LeCloseauLocus14,"11,3-10,5 BP",12657,23,OxA-6337,10840,NA
LeCloseauLocus14,"11,3-10,5 BP",12657,23,Lyon-206,10650,NA
LeCloseauLocus14,"11,3-10,5 BP",12657,23,Lyon-7189,10670,NA
LeCloseauLocus14,"11,3-10,5 BP",12657,23,Lyon-7190,10470,NA
LeCloseauLocus20,"11,3-10,5 BP",12657,23,OxA-6337,10840,NA
LeCloseauLocus20,"11,3-10,5 BP",12657,23,Lyon-206,10650,NA
LeCloseauLocus20,"11,3-10,5 BP",12657,23,Lyon-7189,10670,NA
LeCloseauLocus20,"11,3-10,5 BP",12657,23,Lyon-7190,10470,NA
LeCloseauLocus26,"11,3-10,5 BP",12657,23,OxA-6337,10840,NA
LeCloseauLocus26,"11,3-10,5 BP",12657,23,Lyon-206,10650,NA
LeCloseauLocus26,"11,3-10,5 BP",12657,23,Lyon-7189,10670,NA
LeCloseauLocus26,"11,3-10,5 BP",12657,23,Lyon-7190,10470,NA
LeCloseauLocus34,"11,3-10,5 BP",12657,23,OxA-6337,10840,NA
LeCloseauLocus34,"11,3-10,5 BP",12657,23,Lyon-206,10650,NA
LeCloseauLocus34,"11,3-10,5 BP",12657,23,Lyon-7189,10670,NA
LeCloseauLocus34,"11,3-10,5 BP",12657,23,Lyon-7190,10470,NA
LeCloseauLocus36,"11,3-10,5 BP",12657,23,OxA-6337,10840,NA
LeCloseauLocus36,"11,3-10,5 BP",12657,23,Lyon-206,10650,NA
LeCloseauLocus36,"11,3-10,5 BP",12657,23,Lyon-7189,10670,NA
LeCloseauLocus36,"11,3-10,5 BP",12657,23,Lyon-7190,10470,NA
Alizay,"9,6 BP",11379,4,Beta-333640,9960,NA
EtiollesQ31,13-12 BP,15417,1,OxA-139,NA,13000
EtiollesQ31,13-12 BP,15417,1,OxA-175,NA,12900
EtiollesQ31,13-12 BP,15417,1,OxA-173,NA,12800
EtiollesQ31,13-12 BP,15417,1,Lyon-9040/SacA-28250,NA,13160
EtiollesQ31,13-12 BP,15417,1,OxA-12019,NA,12315
EtiollesQ31,13-12 BP,15417,1,OxA-138,NA,12990
EtiollesQ31,13-12 BP,15417,1,OxA-174,NA,19900
SunHole,"15,000-14,000",14316,1,OxA-14476,NA,12610
SunHole,"15,000-14,000",14316,1,OxA-14827,NA,10145
SunHole,"15,000-14,000",14316,1,Birm-819,10110,NA
SunHole,"15,000-14,000",14316,1,Birm-821,10470,NA
SunHole,"15,000-14,000",14316,1,Birm-820,10280,NA
SunHole,"15,000-14,000",14316,1,BM-524,12378,NA
SunHole,"15,000-14,000",14316,1,OxA-0535,NA,12210
SunHole,"15,000-14,000",14316,1,OxA-14438,NA,12545
SunHole,"15,000-14,000",14316,1,OxA-18705,NA,12490
SunHole,"15,000-14,000",14316,1,OxA-535,NA,12210
SunHole,"15,000-14,000",14316,1,OxA-19557,NA,12620
SunHole,"15,000-14,000",14316,1,OxA-14477,NA,12540
SunHole,"15,000-14,000",14316,1,OxA-4986,NA,11530
GoughsCave,"15,000-14,000",14818,1,OxA-465,NA,12360
GoughsCave,"15,000-14,000",14818,1,OxA-17833,NA,12570
GoughsCave,"15,000-14,000",14818,1,OxA-466,NA,12800
GoughsCave,"15,000-14,000",14818,1,OxA-16378,NA,12515
GoughsCave,"15,000-14,000",14818,1,OxA-1071,NA,12300
GoughsCave,"15,000-14,000",14818,1,OxA-17845,NA,12500
ThreeHolesCave,"15,000-14,000",14146,1,OxA-1500,12350,NA
ThreeHolesCave,"15,000-14,000",14146,1,OxA-3208,12260,NA
ThreeHolesCave,"15,000-14,000",14146,1,OxA-3209,12180,NA
ThreeHolesCave,"15,000-14,000",14146,1,OxA-3891,11980,NA
ThreeHolesCave,"15,000-14,000",14146,1,OxA-3890,12150,NA
ThreeHolesCave,"15,000-14,000",14146,1,OxA-4494,12220,NA
RobinHoodsCave,"15,000-14,000",14463,1,OxA-18349,NA,12265
RobinHoodsCave,"15,000-14,000",14463,1,OxA-17526,NA,12320
RobinHoodsCave,"15,000-14,000",14463,1,OxA-17546,NA,12400
RobinHoodsCave,"15,000-14,000",14463,1,OxA-17542,NA,12445
RobinHoodsCave,"15,000-14,000",14463,1,OxA-17525,NA,12456
MotherGrundysParlour,"15,000-14,000",14395,1,OxA-19507,NA,12280
MotherGrundysParlour,"15,000-14,000",14395,1,OxA-19503,NA,12315
MotherGrundysParlour,"15,000-14,000",14395,1,OxA-20193,NA,12455
MotherGrundysParlour,"15,000-14,000",14395,1,OxA-19504,NA,12455
MotherGrundysParlour,"15,000-14,000",14395,1,OxA-20192,NA,12470
MotherGrundysParlour,"15,000-14,000",14395,1,OxA-19505,NA,12545
MotherGrundysParlour,"15,000-14,000",14395,1,OxA-X-2286-54,NA,12450
MotherGrundysParlour,"15,000-14,000",14395,1,Q-1484,11320,NA
MotherGrundysParlour,"15,000-14,000",14395,1,Q-1483,11285,NA
MotherGrundysParlour,"15,000-14,000",14395,1,Q-1459,11160,NA
KentsCavern,"15,000-14,000",14226,1,OxA-8002,NA,12240
KentsCavern,"15,000-14,000",14226,1,OxA-7994,NA,12430
KentsCavern,"15,000-14,000",14226,1,OxA-1789,NA,12320
KentsCavern,"15,000-14,000",14226,1,OxA-5692,NA,12250
KentsCavern,"15,000-14,000",14226,1,OxA-2155,NA,11650
KentsCavern,"15,000-14,000",14226,1,GrN-6204,12180,NA
PixiesHole,"13,000-12,000",13771,3,OxA-5794,NA,11630
PixiesHole,"13,000-12,000",13771,3,OxA-5795,NA,11910
PixiesHole,"13,000-12,000",13771,3,OxA-5796,NA,12070
PinHoleCave,"13,000-12,000",14838,3,OxA-3404,NA,12510
PinHoleCave,"13,000-12,000",14838,3,OxA-1204,NA,12460
PinHoleCave,"13,000-12,000",14838,3,OxA-1936,NA,13050
PinHoleCave,"13,000-12,000",14838,3,OxA-1836,NA,13050
PinHoleCave,"13,000-12,000",14838,3,OxA-1615,NA,12480
PinHoleCave,"13,000-12,000",14838,3,OxA-1471,NA,12300
ThreeHolesCave3,"13,000-12,000",13389,3,OxA-1501,11520,NA
SeamerCarrK,"13,000-12,000",12513,3,OxA-26544,NA,9990
SeamerCarrK,"13,000-12,000",12513,3,HAR-5241,11000,NA
SeamerCarrK,"13,000-12,000",12513,3,HAR-5794,9590,NA
SeamerCarrK,"13,000-12,000",12513,3,CAR-841,10960,NA
SeamerCarrK,"13,000-12,000",12513,3,CAR-842,12010,NA
SeamerCarrK,"13,000-12,000",12513,3,OxA-26543,NA,10015
ThreeWaysWharfCEast,"12,000-11,000",11086,4,OxA-1902,NA,10010
ThreeWaysWharfCEast,"12,000-11,000",11086,4,OxA-1788,NA,10270
ThreeWaysWharfCEast,"12,000-11,000",11086,4,OxA-1523b,NA,NA
ThreeWaysWharfCEast,"12,000-11,000",11086,4,OxA-18702,NA,10060
ThreeWaysWharfCEast,"12,000-11,000",11086,4,OxA-5557,9280,NA
ThreeWaysWharfCEast,"12,000-11,000",11086,4,OxA-5558,9265,NA
ThreeWaysWharfCEast,"12,000-11,000",11086,4,OxA-5559,9200,NA
ThreeWaysWharfCWest,"12,000-11,000",11086,4,OxA-1902,NA,10010
ThreeWaysWharfCWest,"12,000-11,000",11086,4,OxA-1788,NA,10270
ThreeWaysWharfCWest,"12,000-11,000",11086,4,OxA-1523b,NA,NA
ThreeWaysWharfCWest,"12,000-11,000",11086,4,OxA-18702,NA,10060
ThreeWaysWharfCWest,"12,000-11,000",11086,4,OxA-5557,9280,NA
ThreeWaysWharfCWest,"12,000-11,000",11086,4,OxA-5558,9265,NA
ThreeWaysWharfCWest,"12,000-11,000",11086,4,OxA-5559,9200,NA
StarCarr,"11,000-10,000",11018,4,CAR-930,NA,9660
StarCarr,"11,000-10,000",11018,4,CAR-928,NA,9670
StarCarr,"11,000-10,000",11018,4,CAR-1026,NA,9680
StarCarr,"11,000-10,000",11018,4,CAR-1021,NA,11010
StarCarr,"11,000-10,000",11018,4,CAR-1020,NA,9720
StarCarr,"11,000-10,000",11018,4,CAR-1024,NA,9540
StarCarr,"11,000-10,000",11018,4,CAR-1047,NA,9690
StarCarr,"11,000-10,000",11018,4,CAR-1051,NA,10010
StarCarr,"11,000-10,000",11018,4,OxA-4799,NA,9500
StarCarr,"11,000-10,000",11018,4,OxA-21237,NA,9585
StarCarr,"11,000-10,000",11018,4,OxA-21236,NA,9561
